 titles,author,num_reviews,num_ratings,avg_rating,num_pages,original_publish_year,book_series,genre,awards,places
The Hunger Games,Suzanne Collins,7251719,182495,4.32,374,2008,The Hunger Games #1,"Young Adult, Fiction, Science Fiction","Locus Award Nominee for Best Young Adult Book (2009), Georgia Peach Book Award (2009), Buxtehuder Bulle (2009), Golden Duck Award for Young Adult (Hal Clement Award) (2009), Grand Prix de l'Imaginaire Nominee for Roman jeunesse étranger (2010), Books I Loved Best Yearly (BILBY) Awards for Older Readers (2012), West Australian Young Readers' Book Award (WAYRBA) for Older Readers (2010), Red House Children's Book Award for Older Readers & Overall (2010), South Carolina Book Award for Junior and Young Adult Book (2011), Charlotte Award (2010), Colorado Blue Spruce Young Adult Book Award (2010), Teen Buckeye Book Award (2009), Pennsylvania Young Readers' Choice Award for Young Adults (2010), Rhode Island Teen Book Award (2010), Vermont Golden Dome Book Award (2010), Evergreen Teen Book Award (2011), Soaring Eagle Book Award (2009), Milwaukee County Teen Book Award Nominee (2010), Sakura Medal for Middle School Book (2010), Michigan Library Association Thumbs Up! Award (2009), Florida Teens Read (2009), Deutscher Jugendliteraturpreis for Preis der Jugendjury (2010), Iowa High School Book Award (2011), New Mexico Land of Enchantment Award for Young Adult (2011), Eliot Rosewater Indiana High School Book Award (2010), The Inky Awards for Silver Inky (2009), California Young Readers Medal for Young Adult (2011), Lincoln Award (2011), Kinderboekwinkelprijs (2010), Missouri Truman Readers Award (2011), CYBILS Award for Young Adult Fantasy & Science Fiction (2008), Literaturpreis der Jury der jungen Leser for Jugendbuch (2010), The Inky Awards Shortlist for Silver Inky (2009), Prix Et-lisez-moi (2011), Missouri Gateway Readers Award (2011), Oklahoma Sequoyah Award for High School and Intermediate (2011), Premio El Templo de las Mil Puertas for Mejor novela extranjera perteneciente a saga (2009), Rebecca Caudill Young Readers' Book Award (2011), LovelyBooks Leserpreis for Fantasy (2009), LovelyBooks Leserpreis for Bestes Cover/Umschlag (2009), Premi Protagonista Jove for Categoria 13-14 anys (2010) ","District 12 - Panem,Capitol - Panem,Panem"
1984,George Orwell,3730475,85854,4.19,298,1949,,"Classics, Fiction, Science Fiction","Prometheus Hall of Fame Award (1984), Locus Award Nominee for All-Time Best Science Fiction Novel (1987)",
The Giver,Lois Lowry,2067116,70209,4.13,208,1993,The Giver  #1,"Young Adult, Fiction, Classics","Newbery Medal (1994), Mythopoeic Fantasy Award Nominee for Children's Literature (1994), Golden Duck Award for Young Adult (Hal Clement Award) (1994), Garden State Book Award for Teen Fiction Grades 6-8 (1996), Buckeye Children's Book Award for Grade 6-8 (1997), Grand Canyon Reader Award for Teen Book (1995), Maryland Black-Eyed Susan Book Award for Grade 6-9 (1995), Golden Sower Award for Young Adult (1995), Pennsylvania Young Readers' Choice Award for Grades 3-8 (1995), Soaring Eagle Book Award Nominee (1996), Pacific Northwest Library Association Young Reader's Choice Award for Senior (1996), Boston Globe-Horn Book Award Nominee for Fiction (1993), New Mexico Land of Enchantment Award (1997), Eliot Rosewater Indiana High School Book Award (1997), William Allen White Children's Book Award (1996), Wyoming Indian Paintbrush Nominee (1996), NSK Neustadt Prize for Children's Literature Nominee (2013), Oklahoma Sequoyah Award for YA (1996), Rebecca Caudill Young Readers' Book Award (1996), Hea Lasteraamat (2010), Premi Protagonista Jove for Categoria 13-14 anys (2016), Margaret A. Edwards Award (2007) ",
Divergent,Veronica Roth,3369262,112583,4.17,487,2011,Divergent #1,"Young Adult, Science Fiction, Dystopia","Georgia Peach Book Award (2012), South Carolina Book Award for Young Adult (2014), Rhode Island Teen Book Award (2013), Evergreen Teen Book Award (2014), Soaring Eagle Book Award (2012), Milwaukee County Teen Book Award Nominee (2012), Children's Choice Book Award Nominee for Teen Choice Book of the Year (2012), Sakura Medal, New Mexico Land of Enchantment Award for Young Adult (2014), Eliot Rosewater Indiana High School Book Award (2014), California Young Readers Medal for Young Adult (2014), Lincoln Award Nominee (2014), DABWAHA Romance Tournament for Best Young Adult Romance (2012), Goodreads Choice Award for Favorite Book and for Young Adult Fantasy & Science Fiction and Nominee for Goodreads Author (2011), Green Mountain Book Award (2013), The Magnolia Award for 6-8 (2014), Louisiana Teen Readers' Choice (2014), Missouri Gateway Readers Award (2014), Oklahoma Sequoyah Award for High Schol (2014), Premio El Templo de las Mil Puertas Nominee for Mejor novela extranjera perteneciente a saga (2011) ",Chicago - Illinois
Brave New World,Aldous Huxley,1614531,36706,3.99,268,1932,,"Classics, Fiction, Science Fiction",Not found,"New Mexico,London - England"
Fahrenheit 451,Ray Bradbury,1974005,57200,3.98,194,1953,,"Classics, Fiction, Science Fiction","Prometheus Hall of Fame Award (1984), Geffen Award for Best Translated SF Book (2002), California Book Award for Fiction (Silver) (1953), Retro Hugo Award for Best Novel (2004)",
The Handmaid's Tale,Margaret Atwood,1705011,80317,4.12,314,1985,The Handmaid's Tale  #1,"Fiction, Classics, Science Fiction","Booker Prize Nominee (1986), Nebula Award Nominee for Best Novel (1986), Locus Award Nominee for Best SF Novel (1987), Arthur C. Clarke Award (1987), Audie Award for Fiction (2013), Los Angeles Times Book Prize for Fiction (1986), Prometheus Award Nominee for Best Novel (1987), James Tiptree Jr. Award Nominee for Retrospective (1995), Governor General's Literary Awards / Prix littéraires du Gouverneur général for Fiction (1985), SF Chronicle Award Nominee for Novel (1987), Commonwealth Writers' Prize Nominee for Best Book in Caribbean and Canada (1987), CBC Canada Reads Nominee (2002), Metų verstinė knyga Nominee (2012) ","Republic of Gilead,The United States of America"
Animal Farm,George Orwell,3198336,70249,3.97,141,1945,,"Classics, Fiction, Science Fiction","Prometheus Hall of Fame Award (2011), Retro Hugo Award for Best Novella (1996)",
Lord of the Flies,William Golding,2531493,43979,3.69,182,1954,,"Classics, Fiction, Young Adult",Not found,
Ender's Game,Orson Scott Card,1238257,45488,4.3,324,1985,Ender's Saga #1,"Science Fiction, Young Adult, Fantasy","Hugo Award for Best Novel (1986), Nebula Award for Best Novel (1985), Premi Ictineu for Millor novel·la traduïda (2014), Margaret A. Edwards Award (2008)",
The Road,Cormac McCarthy,787142,49377,3.97,241,2006,,"Fiction, Science Fiction, Science Fiction","Pulitzer Prize for Fiction (2007), Locus Award Nominee for Best SF Novel (2007), James Tait Black Memorial Prize for Fiction (2006), The Quill Award for General Fiction (2007), Puddly Award for Fiction (2010), National Book Critics Circle Award Nominee for Fiction (2006), Believer Book Award (2006), Tähtivaeltaja Award (2009), Cena Akademie SFFH for Kniha roku (Book of the Year) (2008), Prix des libraires du Québec for Lauréats hors Québec (2009), International Dublin Literary Award Nominee (2008), The Rooster -- The Morning News Tournament of Books (2007) ",The United States of America
The Maze Runner,James Dashner,1250218,59368,4.04,384,Not found,The Maze Runner #1,"Young Adult, Science Fiction, Dystopia","Georgia Peach Book Award (2011), Utah Book Award Nominee for Young Adults (2009), Romantic Times Reviewers' Choice Award (RT Award) Nominee for Best Young Adult Paranormal/Fantasy Novel  (2009), Charlotte Award (2012), Pennsylvania Young Readers' Choice Award Nominee (2011), Evergreen Teen Book Award (2012), Milwaukee County Teen Book Award Nominee (2011), Lincoln Award (2012), Missouri Truman Readers Award (2012) ",
The Stand,Stephen King,682121,24586,4.34,1152,1978,,"Horror, Fiction, Fantasy","Locus Award Nominee for Best SF Novel (1979), World Fantasy Award Nominee for Best Novel (1979), Gandalf Award Nominee (1979), Balrog Award Nominee for Best Novel (1979) (1980)","The United States of America,New York City - New York,Boulder - Colorado,…more,Las Vegas - Nevada,Arnett - Texas,Pennsylvania,Arkansas,Arizona,Nevada,Idaho,Boulder - Colorado,Ogunquit - Maine,…less"
Uglies,Scott Westerfeld,609369,24560,3.85,425,Not found,Uglies  #1,"Young Adult, Science Fiction, Dystopia","Georgia Peach Book Award Nominee for Honor book (2008), Golden Duck Award for Young Adult (Hal Clement Award) (2006), Ditmar Award Nominee for Best Novel (2006), South Carolina Book Award Nominee for Young Adult Book Award (2008), Rhode Island Teen Book Award Nominee (2007), Eliot Rosewater Indiana High School Book Award (2007), Lincoln Award (2007), Prix Et-lisez-moi (2009), Missouri Gateway Readers Award Nominee (2008) ",
Delirium,Lauren Oliver,445730,27290,3.96,441,2011,Delirium #1,"Young Adult, Science Fiction, Dystopia","Buxtehuder Bulle (2011), Pennsylvania Young Readers' Choice Award Nominee for Young Adults (2013), Goodreads Choice Award Nominee for Young Adult Fantasy & Science Fiction and for Favorite Book and for Goodreads Author (2011), Missouri Gateway Readers Award Nominee (2014)",Portland - Maine
Matched,Ally Condie,714898,34198,3.64,369,Not found,Matched #1,"Young Adult, Science Fiction, Dystopia","Whitney Award for Best Youth Speculative Fiction (2010), South Carolina Book Award for Young Adult (2013), Teen Buckeye Book Award (2012), Pennsylvania Young Readers' Choice Award for Young Adults (2012), Rhode Island Teen Book Award (2012), California Young Readers Medal for Young Adult (2013), Lincoln Award Nominee (2013), AML Award for Young Adult Literature (2010), Literaturpreis der Jury der jungen Leser for Jugendbuch (2011), Carnegie Medal Nominee (2012), Missouri Gateway Readers Award Nominee (2013) ",
V for Vendetta,Alan Moore,287451,6224,4.25,296,1990,V for Vendetta #1-10,"Sequential Art, Graphic Novels, Sequential Art","Prometheus Hall of Fame Award (2006), Harvey Awards Nominee for Best Continuing or Limited Series & Best Writer (for Alan Moore) (1989)",United Kingdom
Never Let Me Go,Kazuo Ishiguro,556690,38543,3.84,288,2005,,"Fiction, Science Fiction, Science Fiction","Booker Prize Nominee (2005), Locus Award Nominee for Best SF Novel (2006), Arthur C. Clarke Award Nominee (2006), James Tait Black Memorial Prize Nominee for Fiction (2005), ALA Alex Award (2006), National Book Critics Circle Award Nominee for Fiction (2005), Corine Internationaler Buchpreis for Belletristik (2006), International Dublin Literary Award Nominee (2007) ","Hailsham,England,United Kingdom"
Unwind,Neal Shusterman,209238,19841,4.16,337,Not found,Unwind Dystology #1,"Young Adult, Science Fiction, Dystopia","Rhode Island Teen Book Award Nominee (2010), Evergreen Teen Book Award (2010), Sakura Medal for Middle School Book (2009), Florida Teens Read Nominee (2009), Eliot Rosewater Indiana High School Book Award (2010), California Young Readers Medal Nominee for Young Adult (2011), Gouden Lijst Nominee (2013), Green Mountain Book Award (2010), Missouri Gateway Readers Award Nominee (2010), Oklahoma Sequoyah Award for Intermediate (2010) ","Akron - Ohio,Ohio,Scottsburg - Indiana,…more,Arizona,Joplin - Missouri,…less"
Oryx and Crake,Margaret Atwood,242088,14730,4.01,389,2003,MaddAddam #1,"Fiction, Science Fiction, Science Fiction","Booker Prize Nominee (2003), Orange Prize Nominee for Fiction Shortlist (2004), Sunburst Award Nominee for Canadian Novel (2004), Scotiabank Giller Prize Nominee (2003), Grand Prix de l'Imaginaire Nominee for Roman étranger (2006)",
Ready Player One,Ernest Cline,1000517,94266,4.24,374,Not found,Ready Player One #1,"Science Fiction, Fiction, Young Adult","Locus Award Nominee for Best First Novel (2012), John W. Campbell Memorial Award Nominee (2012), Prometheus Award for Best Novel (2012), ALA Alex Award (2012), Lincoln Award Nominee (2014), Tähtivaeltaja Award Nominee (2013), Mary Shelley Award for Outstanding Fictional Work (2016), Premi Ictineu for Millor novel·la traduïda (2017), Goodreads Choice Award Nominee for Science Fiction and for Favorite Book (2011), Green Mountain Book Award Nominee (2015), Seiun Award 星雲賞 Nominee for Best Translated Novel (2015) ","Columbus - Ohio,The United States of America,Ohio,…more,OASIS,…less"
World War Z: An Oral History of the Zombie War,Max Brooks,478616,27245,4.01,342,Not found,World War Z,"Horror, Fiction, Horror","Audie Award for Multi-Voiced Performance (2014), Premio Ignotus Nominee for Mejor novela extranjera (Best Foreign Novel) (2009), Lincoln Award Nominee (2012), Seiun Award 星雲賞 Nominee for Best Translated Long Form (2011)",
Legend,Marie Lu,470556,32517,4.16,305,Not found,Legend #1,"Young Adult, Science Fiction, Dystopia","Rhode Island Teen Book Award Nominee (2013), Milwaukee County Teen Book Award Nominee (2013), The Inky Awards Nominee for Silver Inky (2012), California Young Readers Medal Nominee for Young Adult (2015), Lincoln Award Nominee (2014), Missouri Truman Readers Award (2014), Goodreads Choice Award Nominee for Young Adult Fantasy & Science Fiction and for Goodreads Author (2012), Rebecca Caudill Young Readers' Book Award (2015) ",Los Angeles - The Republic of America
Do Androids Dream of Electric Sheep?,Philip K. Dick,390343,15346,4.09,244,1968,Blade Runner #1,"Science Fiction, Fiction, Classics",Nebula Award Nominee for Best Novel (1968),"San Francisco - California,California,The United States of America"
Watchmen,Alan Moore,516406,15444,4.37,416,1987,Watchmen #1-12,"Sequential Art, Graphic Novels, Sequential Art","Hugo Award for Other Forms (1988), Locus Award for Best Non-Fiction/Art (1988), Harvey Awards for Best Writer (for Alan Moore), Best Artist or Penciller (for Dave Gibbons), Best Continuing or Limited Series, Best Single Issue (""Watchmen #9""), Best Graphic Album, Best Colorist (for John Higgins) & Special Award for Excellence in Production  (1988), Prix du Festival d'Angoulême for Alph-art du meilleur album étranger (1989), Urhunden Prize for Foreign Album (1992), Will Eisner Comic Industry Awards for Best Archival Collection/Project–Comic Books (in 2006 awards, for Absolute edition), Best Finite Series, Best Graphic Album, Best Writer (for Alan Moore), Best Writer/Artist (single or team) (for Alan Moore & Dave Gibbons) (1988), IGN Award for Best Collection (2005) ",New York City - New York
The City of Ember,Jeanne DuPrau,263477,11890,3.88,270,Not found,Book of Ember  #1,"Young Adult, Science Fiction, Dystopia","California Book Award for Young Adult (Silver) (2003), Maryland Black-Eyed Susan Book Award for Grade 6-9 (2006), Rhode Island Teen Book Award Nominee (2005), Vermont Golden Dome Book Award Nominee (2005), Child Magazine Best Book of the Year, Sunshine State Young Readers Award for Grades 3-5 and Grades 6-8 (2004), Charlie May Simon Children's Book Award Nominee (2006), New Mexico Land of Enchantment Award for Young Adult (2007), Judy Lopez Memorial Award for Children's Literature Nominee (2004), Chapman Award for Shared Reading Nominee for Fiction (2004), William Allen White Children's Book Award (2006), Washington State Sasquatch Award (2006), Bluestem Book Award Nominee (2019), Rebecca Caudill Young Readers' Book Award Nominee (2006) ",
Slaughterhouse-Five,Kurt Vonnegut Jr.,1227383,31174,4.08,275,1969,,"Classics, Fiction, Science Fiction","Hugo Award Nominee for Best SF Novel (1970), Nebula Award Nominee for Best Novel (1969), National Book Award Finalist for Fiction (1970), Chicago Publishers' Award (1970)","Dresden,Tralfamadore,Ilium,…more,Ardennes,…less"
Wool Omnibus,Hugh Howey,173120,14236,4.21,509,Not found,Silo #1,"Science Fiction, Fiction, Science Fiction","Tähtivaeltaja Award Nominee (2014), Prix des libraires du Québec (2015), Bookworm Best Award for People's Pick (2013), Goodreads Choice Award Nominee for Science Fiction and for Goodreads Author (2012)",
The Time Machine,H.G. Wells,459839,12899,3.9,118,1895,,"Classics, Science Fiction, Fiction",Not found,"United Kingdom,London - England,England"
Cinder,Marissa Meyer,795187,60792,4.13,400,Not found,The Lunar Chronicles #1,"Young Adult, Fantasy, Science Fiction","Golden Duck Award for Young Adult (Hal Clement Award) (2013), Kalbacher Klapperschlange for Altersgruppe 7. - 9. Klasse (2015), Grand Prix de l'Imaginaire Nominee for Roman jeunesse étranger (2014), Pennsylvania Young Readers' Choice Award Nominee for Young Adults (2014), Rhode Island Teen Book Award Nominee (2014), California Young Readers Medal for Young Adult (2016), Lincoln Award Nominee (2014), Goodreads Choice Award Nominee for Young Adult Fantasy & Science Fiction and for Goodreads Author (2012), Premio El Templo de las Mil Puertas Nominee for Mejor novela extranjera perteneciente a saga (2012), Rebecca Caudill Young Readers' Book Award Nominee (2016) ",New Beijing - Eastern Commonwealth
I Am Legend and Other Stories,Richard Matheson,124744,5240,4.0,317,1954,,"Horror, Fiction, Science Fiction",Not found,Los Angeles - California
Battle Royale,Koushun Takami,67408,5980,4.21,617,1999,,"Fiction, Horror, Science Fiction",Not found,Japan
The Selection,Kiera Cass,1197583,61859,4.11,336,Not found,The Selection #1,"Young Adult, Romance, Science Fiction","Lincoln Award Nominee (2015), Goodreads Choice Award Nominee for Young Adult Fantasy & Science Fiction (2012)",
Anthem,Ayn Rand,141172,10008,3.63,105,1938,,"Fiction, Classics, Science Fiction","Prometheus Hall of Fame Award (1987), Retro Hugo Award Nominee for Best Novella (2014)",
The Gunslinger,Stephen King,551881,21012,3.94,231,1982,The Dark Tower #1,"Fantasy, Fiction, Horror",Not found,
The Passage,Justin Cronin,200212,20014,4.03,766,Not found,The Passage #1,"Horror, Fiction, Science Fiction","Locus Award Nominee for Best SF Novel (2011), Goodreads Choice Award Nominee for Favorite Book and for Science Fiction (2010)","Telluride - Colorado,Las Vegas - Nevada,Roswell - New Mexico,…more,Colorado,…less"
We,Yevgeny Zamyatin,81795,5635,3.91,226,1924,,"Fiction, Science Fiction, Classics",Not found,OneState
Life As We Knew It,Susan Beth Pfeffer,124002,10108,3.88,337,Not found,Last Survivors #1,"Young Adult, Science Fiction, Dystopia","Buxtehuder Bulle (2010), South Carolina Book Award Nominee for Young Adult Book (2009), Rhode Island Teen Book Award Nominee (2008), Evergreen Teen Book Award (2009), The Inky Awards Nominee for Silver Inky (2008), California Young Readers Medal Nominee for Young Adult (2009), Andre Norton Award Nominee (2006), Missouri Truman Readers Award (2009), Missouri Gateway Readers Award Nominee (2009), Rebecca Caudill Young Readers' Book Award Nominee (2009) ","Pennsylvania,Howell - Pennsylvania"
The Knife of Never Letting Go,Patrick Ness,179818,19204,3.97,512,2008,Chaos Walking #1,"Young Adult, Science Fiction, Dystopia","Guardian Children's Fiction Prize (2008), Manchester Book Award  Nominee for Longlist (2009), Odyssey Award Nominee (2011), James Tiptree Jr. Award (2008), Milwaukee County Teen Book Award Nominee (2010), Dioraphte Jongerenliteratuurprijs Nominee (2014), Carnegie Medal Nominee (2009), Green Mountain Book Award (2012) ",New World
A Clockwork Orange,Anthony Burgess,650264,16124,4.0,213,1962,,"Classics, Fiction, Science Fiction",Prometheus Hall of Fame Award (2008),England
Shatter Me,Tahereh Mafi,406106,38175,3.92,338,Not found,Shatter Me #1,"Young Adult, Science Fiction, Dystopia",Arab American Book Award Nominee for Children's/Young Adult (2013),
Blindness,José Saramago,237101,19332,4.16,326,1995,Blindness #1,"Fiction, Science Fiction, Dystopia","International Dublin Literary Award Nominee (1999), Premio San Clemente Rosalía-Abanca for Novela Estranxeira (1999)",
The Host,Stephenie Meyer,950504,42378,3.85,624,Not found,The Host #1,"Young Adult, Science Fiction, Fantasy",Not found,Arizona
Cat's Cradle,Kurt Vonnegut Jr.,362776,12266,4.16,179,1963,,"Fiction, Classics, Science Fiction",Hugo Award Nominee for Best Novel (1964),"San Lorenzo,Ilium"
A Canticle for Leibowitz,Walter M. Miller Jr.,100268,5314,3.98,334,1959,St. Leibowitz #1,"Science Fiction, Fiction, Apocalyptic","Hugo Award for Best Novel (1961), Locus Award for All-Time Best Novel (1975)",
Gone,Michael  Grant,191013,11367,3.86,560,Not found,Gone #1,"Young Adult, Science Fiction, Dystopia",Missouri Truman Readers Award Nominee (2011),"Perdido Beach - California,California"
The 5th Wave,Rick Yancey,425589,30616,4.02,457,Not found,The 5th Wave #1,"Young Adult, Science Fiction, Science Fiction","Georgia Peach Book Award Nominee for Honor book (2014), South Carolina Book Award for Young Adult (2016), Keystone to Reading Book Award Nominee for High School (2015), Evergreen Teen Book Award (2016), Milwaukee County Teen Book Award Nominee (2014), The Inky Awards Nominee for Silver Inky (2013), Lincoln Award Nominee (2015), Goodreads Choice Award Nominee for Best Young Adult Fantasy & Science Fiction (2013), Carnegie Medal Nominee (2014), Green Mountain Book Award Nominee (2015), Louisiana Teen Readers' Choice (2016), Missouri Gateway Readers Award (2016), Oklahoma Sequoyah Award for High School (2016), Premio El Templo de las Mil Puertas Nominee for Mejor novela extranjera perteneciente a saga (2013) ",Ohio
The Children of Men,P.D. James,43206,3381,3.68,241,1992,,"Fiction, Science Fiction, Science Fiction",Not found,England
Neuromancer,William Gibson,287962,11213,3.9,292,1984,Sprawl #1,"Science Fiction, Fiction, Science Fiction","Hugo Award for Best Novel (1985), Nebula Award for Best Novel (1984), Locus Award Nominee for Best First Novel and Best SF Novel (1985), British Science Fiction Association Award Nominee for Best Novel (1984), Philip K. Dick Award (1985), John W. Campbell Memorial Award Nominee (1985), Ditmar Award for Best International Long Fiction (1985), SF Chronicle Award for Novel (1985), Tähtivaeltaja Award (1992), Prix Aurora Award Nominee (1985), Seiun Award 星雲賞 for Best Translated Long Story (1987) ","Chiba - Tokyo,New York City - New York,Istanbul"
Snow Crash,Neal Stephenson,252796,10245,4.03,438,1992,,"Science Fiction, Fiction, Science Fiction","Arthur C. Clarke Award Nominee (1994), British Science Fiction Association Award Nominee (1993), Grand Prix de l'Imaginaire for Roman étranger (1997), Prometheus Award Nominee for Best Novel (1993), Washington State Book Award (1993), Seiun Award 星雲賞 Nominee for Best Foreign Novel (1999) ",The United States of America
Atlas Shrugged,Ayn Rand,370412,18527,3.69,1078,1957,,"Fiction, Classics, Philosophy","Prometheus Hall of Fame Award (1983), National Book Award Finalist for Fiction (1958)",Not found
Wither,Lauren DeStefano,100150,8160,3.8,358,Not found,The Chemical Garden #1,"Young Adult, Science Fiction, Dystopia","Rhode Island Teen Book Award Nominee (2013), Goodreads Choice Award Nominee for Young Adult Fantasy & Science Fiction (2011)",Florida
The Long Walk,Richard Bachman,148915,8860,4.09,370,1979,,"Horror, Fiction, Science Fiction",Not found,Maine
Angelfall,Susan Ee,182375,16609,4.11,288,2011,Penryn & the End of Days #1,"Fantasy, Young Adult, Paranormal",CYBILS Award Nominee for Fantasy & Science Fiction (Young Adult) (2011),San Francisco - California
The House of the Scorpion,Nancy Farmer,88274,6716,4.06,380,2002,Matteo Alacran #1,"Young Adult, Science Fiction, Science Fiction","Newbery Medal Nominee (2003), National Book Award for Young People's Literature (2002), Mythopoeic Fantasy Award Nominee for Children's Literature (2003), Buxtehuder Bulle (2003), Michael L. Printz Award Nominee (2003), South Carolina Book Award for Junior Book Award (2006), Grand Canyon Reader Award for Teen Book (2005), Rhode Island Teen Book Award (2004), Vermont Golden Dome Book Award Nominee (2004), Pacific Northwest Library Association Young Reader's Choice Award for Senior (2005), Michigan Library Association Thumbs Up! Award Nominee (2003), Lincoln Award Nominee (2008), Missouri Gateway Readers Award Nominee (2005), Oklahoma Sequoyah Award for YA (2005) ",Not found
The Day of the Triffids,John Wyndham,97005,3989,4.02,228,1951,Triffids #1,"Science Fiction, Fiction, Classics",International Fantasy Award Nominee for Fiction (1952),"London - England,United Kingdom"
The Trial,Franz Kafka,264940,9422,3.96,255,1925,,"Classics, Fiction, Literature",Helen and Kurt Wolff Translator's Prize Nominee for Breon Mitchell (1999),Not found
Across the Universe,Beth Revis,117754,10430,3.77,399,Not found,Across the Universe #1,"Young Adult, Science Fiction, Science Fiction","Rhode Island Teen Book Award Nominee (2013), Lincoln Award Nominee (2014), Goodreads Choice Award Nominee for Young Adult Fantasy & Science Fiction and for Goodreads Author (2011), Carnegie Medal Nominee (2012)","Godspeed,The United States of America,Earth,…more,Outer Space,…less"
The Dispossessed,Ursula K. Le Guin,101979,7042,4.22,387,1974,Hainish Cycle,"Science Fiction, Fiction, Fantasy","Hugo Award for Best Novel (1975), Nebula Award for Best Novel (1974), Prometheus Hall of Fame Award (1993), Locus Award for Best Novel (1975), Jupiter Award for Best Novel (1975), John W. Campbell Memorial Award Nominee for Best Science Fiction Novel (1975), Ditmar Award Nominee for Best International Long Fiction (1975), Premi Ictineu for Millor novel·la traduïda (2019) ",Not found
Parable of the Sower,Octavia E. Butler,102835,10632,4.19,345,1993,Earthseed #1,"Fiction, Science Fiction, Science Fiction","Nebula Award Nominee for Best Novel (1994), Locus Award Nominee for Best SF Novel (1995)",California
The Forest of Hands and Teeth,Carrie Ryan,84682,8873,3.6,310,2009,The Forest of Hands and Teeth #1,"Young Adult, Horror, Zombies","Georgia Peach Book Award Nominee for Honor book (2010), Goodreads Choice Award Nominee for Young Adult Series (2009)",Not found
The Man in the High Castle,Philip K. Dick,188446,12835,3.61,259,1962,,"Science Fiction, Fiction, Science Fiction","Hugo Award for Best Novel (1963), Tähtivaeltaja Award (1993)","San Francisco - California,California"
Station Eleven,Emily St. John Mandel,388293,44829,4.06,333,Not found,,"Fiction, Science Fiction, Science Fiction","Locus Award Nominee for Best SF Novel (2015), Arthur C. Clarke Award (2015), Kurd-Laßwitz-Preis Nominee for Bestes ausländisches Werk (Best Foreign Work) (2016), PEN/Faulkner Award for Fiction Nominee (2015), Sunburst Award Nominee for Adult (2015), John W. Campbell Memorial Award Nominee for Best Science Fiction Novel (2015), British Fantasy Award Nominee for Best Horror Novel (August Derleth Award) (2015), NAIBA Book of the Year for Fiction (2015), Toronto Book Award Nominee (2015), The Great Michigan Read (2015), Women's Prize for Fiction Nominee for Longlist (2015), Andrew Carnegie Medal Nominee for Fiction (2015), National Book Award Finalist for Fiction (2014), Goodreads Choice Award Nominee for Fiction (2014), The Rooster -- The Morning News Tournament of Books (2015) ","Toronto - Ontario,Ontario,Canada,…more,Great Lakes region,The United States of America,…less"
Under the Never Sky,Veronica Rossi,113687,8968,3.99,374,2011,Under the Never Sky #1,"Young Adult, Science Fiction, Dystopia","Goodreads Choice Award Nominee for Young Adult Fantasy & Science Fiction (2012), Premio El Templo de las Mil Puertas Nominee for Mejor novela extranjera perteneciente a saga (2012)",Reverie
Red Rising,Pierce Brown,293642,28894,4.25,382,Not found,Red Rising Saga #1,"Science Fiction, Fantasy, Young Adult","Goodreads Choice Award for Debut Goodreads Author & Nominee for Young Adult Fantasy & Science Fiction (2014) and Nominee for Best of the Best  (2018), Premio El Templo de las Mil Puertas for Mejor novela extranjera perteneciente a saga (2014)",Mars
Feed,M.T. Anderson,61203,6878,3.56,308,2002,,"Young Adult, Science Fiction, Science Fiction","Golden Duck Award for Young Adult (Hal Clement Award) (2003), Los Angeles Times Book Prize for Young Adult Literature (2002), Boston Globe-Horn Book Award Nominee for Fiction (2003), National Book Award Finalist for Young People's Literature (2002), Margaret A. Edwards Award (2019)",Not found
Enclave,Ann Aguirre,69088,5130,3.91,259,Not found,Razorland  #1,"Young Adult, Science Fiction, Dystopia","RITA Award by Romance Writers of America for Best Young Adult Romance (2012), Pennsylvania Young Readers' Choice Award Nominee for Young Adults (2013)",New York (State)
The Martian Chronicles,Ray Bradbury,232740,9149,4.15,182,1950,,"Science Fiction, Fiction, Classics",Analog Award Nominee for All-Time Best Book (1952),Mars
"Alas, Babylon",Pat Frank,42105,3416,4.08,323,1959,,"Fiction, Science Fiction, Apocalyptic",Audie Award for Fiction (2012),"Fort Repose - Florida,Florida,Omaha - Nebraska,…more,Syria,…less"
Utopia,Thomas More,65772,3405,3.55,163,1516,,"Classics, Philosophy, Fiction",Not found,"Antwerp,Utopia"
The Chrysalids,John Wyndham,48170,2588,3.93,200,1955,,"Science Fiction, Fiction, Classics",Złota Sepulka for Książka autora zagranicznego (1985),Labrador
On the Beach,Nevil Shute,38946,2857,3.95,296,1957,,"Fiction, Science Fiction, Apocalyptic",Not found,"Australia,Melbourne - Victoria"
Swan Song,Robert R. McCammon,59822,4034,4.28,956,Not found,,"Horror, Fiction, Apocalyptic","Bram Stoker Award for Best Novel (1987), World Fantasy Award Nominee for Best Novel (1988), Japan Adventure Fiction Association Prize 日本冒険小説協会大賞特別賞 for Best Translated Novel (1994)","New York City - New York,West Virginia,Kansas,…more,Pennsylvania,Salt Lake City - Utah,Idaho,…less"
The Forever War,Joe Haldeman,151606,6452,4.14,278,1974,The Forever War #1,"Science Fiction, Fiction, War","Hugo Award for Best Novel (1976), Nebula Award for Best Novel (1975), Locus Award for Best Novel (1976), Ditmar Award for Best International Long Fiction (1976)",Not found
The Darkest Minds,Alexandra Bracken,171011,17578,4.16,488,Not found,The Darkest Minds #1,"Young Adult, Science Fiction, Dystopia","Lincoln Award Nominee (2016), Goodreads Choice Award Nominee for Young Adult Fantasy & Science Fiction (2013)",Not found
The Postman,David Brin,33404,1432,3.89,321,1985,,"Science Fiction, Fiction, Apocalyptic","Hugo Award Nominee for Best Novel (1986), Nebula Award Nominee for Best Novel (1985), Locus Award for Best Science Fiction Novel (1986), John W. Campbell Memorial Award for Best Science Fiction Novel (1986), SF Chronicle Award Nominee for Novel (1986)",Pacific Northwest
The Running Man,Richard Bachman,113696,3995,3.89,317,1982,,"Horror, Fiction, Science Fiction",Not found,Not found
Incarceron,Catherine Fisher,60547,5409,3.64,458,Not found,Incarceron #1,"Fantasy, Young Adult, Science Fiction","Mythopoeic Fantasy Award Nominee for Children’s Literature (2011), Milwaukee County Teen Book Award Nominee (2011), CYBILS Award Nominee for Young Adult Fantasy & Science Fiction (2007), Carnegie Medal Nominee (2008)",Not found
Planet of the Apes,Pierre Boulle,36664,1766,3.97,268,1963,,"Science Fiction, Fiction, Classics",Not found,Soror
A Scanner Darkly,Philip K. Dick,97171,3500,4.02,219,1977,,"Science Fiction, Fiction, Science Fiction","Locus Award Nominee for Best SF Novel (1978), British Science Fiction Association Award for Novel (1978), John W. Campbell Memorial Award Nominee for Best Science Fiction Novel (1978), Graoully d'Or for Roman étranger (1979), Tähtivaeltaja Award (1991)",Santa Ana - California
Cell,Stephen King,206838,6542,3.66,449,2006,,"Horror, Fiction, Horror",Not found,"The United States of America,Maine,Massachusetts"
"The Diamond Age: Or, a Young Lady's Illustrated Primer",Neal Stephenson,87005,3640,4.16,499,1995,,"Science Fiction, Fiction, Science Fiction","Hugo Award for Best Novel (1996), Nebula Award Nominee for Best Novel (1996), Locus Award for Best Science Fiction Novel (1996), Arthur C. Clarke Award Nominee (1996), John W. Campbell Memorial Award Nominee for Best Science Fiction Novel (1996), Prometheus Award Nominee for Best Novel (1996) ","China,Shanghai"
I Am Legend,Richard Matheson,111252,7140,4.06,162,1954,,"Horror, Science Fiction, Fiction",Tähtivaeltaja Award (2008),Los Angeles - California
Blood Red Road,Moira Young,61956,5832,3.91,459,Not found,Dust Lands #1,"Young Adult, Science Fiction, Dystopia","Locus Award Nominee for Best First Novel (2012), Sunburst Award Nominee for Young Adult (2012), Costa Book Award for Children's Book (2011), Teen Buckeye Book Award Nominee (2012), Milwaukee County Teen Book Award Nominee (2012), Amelia Elizabeth Walden Award Nominee (2012), CYBILS Award for Fantasy & Science Fiction (Young Adult) (2011), Carnegie Medal Nominee (2012), Sheila A. Egoff Children’s Literature Prize (2012), FAB Award (2013) ",Not found
Shades of Grey,Jasper Fforde,34072,4371,4.15,400,2009,Shades of Grey #1,"Fantasy, Fiction, Science Fiction","Locus Award Nominee for Best Fantasy Novel (2011), Warwick Prize for Writing Nominee for Longlist (2011), Prix Julia Verlanger (2012)",Not found
Dune,Frank Herbert,1033900,42983,4.25,658,1965,Dune #1,"Science Fiction, Fiction, Fantasy","Hugo Award for Best Novel (1966), Nebula Award for Best Novel (1965), Seiun Award 星雲賞 for Best Foreign Novel (1974)","Arrakis,Caladan,Giedi Prime,…more,Harko,Arrakin,Sietch Tabr,…less"
The Windup Girl,Paolo Bacigalupi,71651,6689,3.74,359,Not found,The Windup Universe #1,"Science Fiction, Fiction, Science Fiction","Hugo Award for Best Novel (2010), Nebula Award for Best Novel (2009), Locus Award for Best First Novel (2010), Kurd-Laßwitz-Preis for Bestes ausländisches Werk (2012), British Science Fiction Association Award Nominee for Novel (2010), John W. Campbell Memorial Award (2010), Compton Crook Award (2010), Grand Prix de l'Imaginaire for Roman étranger et Traduction (2013), Premio Ignotus for Mejor novela extranjera (2012), Prix Bob Morane for roman traduit (2013), Cena Akademie SFFH for Kniha roku (Book of the Year) (2011), Goodreads Choice Award Nominee for Science Fiction (2009), Prix Une autre Terre (2013) ",Bangkok
Birthmarked,Caragh M. O'Brien,48661,3648,3.88,361,Not found,Birthmarked #1,"Young Adult, Science Fiction, Dystopia","Georgia Peach Book Award Nominee (2011), Rhode Island Teen Book Award Nominee (2012), Beehive Book Award Nominee (2012), Arkansas Teen Book Award Nominee (2012), CYBILS Award Nominee (2010)",Not found
Lucifer's Hammer,Larry Niven,41977,1504,3.99,629,1977,,"Science Fiction, Fiction, Apocalyptic",Hugo Award Nominee for Best Novel (1977),California
Earth Abides,George R. Stewart,27235,2208,3.95,345,1949,,"Science Fiction, Fiction, Apocalyptic",International Fantasy Award for Fiction (1951),The United States of America
Cloud Atlas,David Mitchell,232723,20429,4.0,509,2004,,"Fiction, Science Fiction, Fantasy","Booker Prize Nominee (2004), Nebula Award Nominee for Best Novel (2004), Locus Award Nominee for Best SF Novel (2005), Arthur C. Clarke Award Nominee (2005), James Tait Black Memorial Prize Nominee for Fiction (2004), British Book Award for Best Read of the Year (2005), National Book Critics Circle Award Nominee for Fiction (2004), Geoffrey Faber Memorial Prize (2005), Tähtivaeltaja Award Nominee (2009), The Rooster -- The Morning News Tournament of Books (2005) ","Chatham Islands,Neerbeke - West Vlaanderen,Buenas Yerbas,…more,London - England,Seoul - South Korea,Maui - Hawaii,…less"
Logan's Run,William F. Nolan,10823,695,3.66,149,1967,Logan #1,"Science Fiction, Science Fiction, Dystopia",Not found,"Los Angeles - California,South Dakota"
Stranger in a Strange Land,Robert A. Heinlein,291797,8743,3.92,525,1961,,"Science Fiction, Fiction, Classics","Hugo Award for Best Novel (1962), Prometheus Hall of Fame Award (1987)",Not found
The V Girl: a Coming of Age Story,Mya Robarts,13984,1521,4.01,340,Not found,,"Romance, Young Adult, Coming Of Age",Not found,Starville
Player Piano,Kurt Vonnegut Jr.,50006,2214,3.88,341,1952,,"Fiction, Science Fiction, Classics",International Fantasy Award Nominee for Fiction (1953),Ilium
The Girl with All the Gifts,M.R. Carey,204958,21027,3.94,461,2014,The Girl With All the Gifts #1,"Horror, Fiction, Science Fiction","Arthur C. Clarke Award Nominee (2015), Audie Award for Paranormal (2015), British Fantasy Award Nominee for August Derleth Award (best horror novel) (2015), Tähtivaeltaja Award Nominee (2017), Goodreads Choice Award Nominee for Horror (2014), James Herbert Award Nominee (2015) ",London - England
The Gate to Women's Country,Sheri S. Tepper,12688,813,4.06,315,1987,,"Science Fiction, Fiction, Fantasy","Locus Award for Best Fantasy Novel (1992), Arthur C. Clarke Award Nominee (1998)",Marthatown
Feed,Mira Grant,55309,6533,3.86,599,2010,Newsflesh #1,"Horror, Horror, Zombies","Hugo Award Nominee for Best Novel (2011), Locus Award Nominee for Best SF Novel (2011), Shirley Jackson Award Nominee for Novel (Finalist) (2010), Goodreads Choice Award for Science Fiction (2010)",Not found
Ship Breaker,Paolo Bacigalupi,44259,4534,3.74,326,Not found,Ship Breaker #1,"Young Adult, Science Fiction, Science Fiction","Locus Award for Best Young Adult Book (2011), Kurd-Laßwitz-Preis Nominee for Bestes ausländisches Werk (2013), Golden Duck Award Nominee for Young Adult (Hal Clement Award) (2011), Romantic Times Reviewers' Choice Award (RT Award) Nominee for Best Young Adult Paranormal/Fantasy Novel (2010), Michael L. Printz Award (2011), Rhode Island Teen Book Award Nominee (2012), Lincoln Award Nominee (2013), Andre Norton Award Nominee (2010), CYBILS Award Nominee for Young Adult Fantasy & Science Fiction (2010), National Book Award Finalist for Young People's Literature (2010), Missouri Gateway Readers Award Nominee (2013) ",New Orleans - Louisiana
Coilhunter,Dean F. Wilson,947,131,4.13,210,2017,The Coilhunter Chronicles #1,"Science Fiction, Science Fiction, Steampunk",Not found,Not found
